bread_id,name
1,Anadama
2,Bagel - Cinnamon Raisin
3,Bagel - Everything
4,Bagel - Plain
5,Bagel - Poppyseed
6,Bagel - Sesame
7,Bagel - Whole Wheat
8,Baguette
9,Biscuit
10,Boston Brown
11,Brioche
12,Challah
13,Challah - Whole Wheat
14,Ciabatta
15,Cinnamon Raisin
16,Cornbread
17,Cranberry Nut
18,Croissant
19,Date Nut
20,Dinner Roll
21,English Muffin - White
22,English Muffin - Whole Wheat
23,French
24,Hamburger Bun
25,Hero Roll - 12 inch
26,Hero Roll - 6 inch
27,Hot Dog Bun
28,Kaiser Roll
29,Kalamata Olive
30,Marble Rye
31,Nine Grain
32,Oatmeal
33,Pita
34,Potato
35,Pumpernickel
36,Raisin
37,Rosemary
38,Rye - Plain
39,Rye - Seeded
40,Semolina
41,Sesame
42,Slider Roll
43,Sourdough
44,Spelt
45,Wheat
46,White
47,Whole Wheat
48,Whole Wheat Brioche
49,Wrap - Plain
50,Wrap - Spinach
,
,
,
,
,
,
,
,
,
,
,
,
,
,
,
,
,
,
,
,
,
,
,
,
,
,
,
,
,
,
,
,
,
,
,
,
,
,
,
,
,
,
,
,
,
,
,
,
,
,
,
,
,
,
,
,
,
,
,
,
,
,
,
,
,
,
,
,
,
,
,
,
,
,
,
,
,
,
,
,
,
,
,
,
,
,
,
,
,
,
,
,
,
,
,
,
,
,
,